<application>
  <component name="GroupManager">
    <expandedByName>
      <entry name="Tutorials" expanded="true" />
      <entry name="Projects" expanded="true" />
    </expandedByName>
  </component>
  <component name="LangManager">
    <option name="languageName" value="JAVA" />
  </component>
  <component name="LessonStateBase">
    <option name="map">
      <map>
        <entry key="actions" value="PASSED" />
        <entry key="basic completion" value="PASSED" />
        <entry key="codeassistance.codeformatting" value="PASSED" />
        <entry key="codeassistance.editorcodingassistance" value="PASSED" />
        <entry key="codeassistance.localhistory" value="NOT_PASSED" />
        <entry key="codeassistance.parameterinfo" value="PASSED" />
        <entry key="codeassistance.quickpopups" value="PASSED" />
        <entry key="collapse" value="PASSED" />
        <entry key="comment line" value="PASSED" />
        <entry key="completion with tab" value="PASSED" />
        <entry key="context.actions" value="NOT_PASSED" />
        <entry key="declaration and usages" value="NOT_PASSED" />
        <entry key="duplicate" value="PASSED" />
        <entry key="extract variable" value="NOT_PASSED" />
        <entry key="file structure" value="NOT_PASSED" />
        <entry key="find in files" value="NOT_PASSED" />
        <entry key="git.annotate" value="NOT_PASSED" />
        <entry key="git.basicworkflow" value="NOT_PASSED" />
        <entry key="git.changelistsandshelf" value="NOT_PASSED" />
        <entry key="git.commit" value="NOT_PASSED" />
        <entry key="git.interactiverebase" value="NOT_PASSED" />
        <entry key="git.projecthistory" value="NOT_PASSED" />
        <entry key="git.quickstart" value="NOT_PASSED" />
        <entry key="java.debug.workflow" value="NOT_PASSED" />
        <entry key="java.inheritance.hierarchy.lesson" value="NOT_PASSED" />
        <entry key="java.occurrences.lesson" value="NOT_PASSED" />
        <entry key="java.refactoring.menu" value="NOT_PASSED" />
        <entry key="java.run.configuration" value="NOT_PASSED" />
        <entry key="move" value="PASSED" />
        <entry key="multiple selections" value="PASSED" />
        <entry key="navigation.declaration/implementation" value="PASSED" />
        <entry key="navigation.filestructure" value="PASSED" />
        <entry key="navigation.jumptosource" value="PASSED" />
        <entry key="navigation.next/previousoccurrences" value="PASSED" />
        <entry key="postfix completion" value="PASSED" />
        <entry key="recent files and locations" value="NOT_PASSED" />
        <entry key="refactorings.extractmethod" value="PASSED" />
        <entry key="refactorings.extractvariable/field" value="PASSED" />
        <entry key="refactorings.refactoringbasics" value="PASSED" />
        <entry key="refactorings.rename" value="PASSED" />
        <entry key="search everywhere" value="NOT_PASSED" />
        <entry key="select" value="PASSED" />
        <entry key="smart type completion" value="PASSED" />
        <entry key="statement completion" value="PASSED" />
        <entry key="surround and unwrap" value="PASSED" />
      </map>
    </option>
  </component>
</application>