<application>
  <component name="AppStorage">
    <histories>
      <item value="undo Manager" />
      <item value="Combo Box Editor" />
      <item value="maximum Row Count" />
      <item value="Add the include path which makes sure that protoc finds the well known types. Note that we add this after the user types above in case users want to provide their own well known types." />
      <item value="types" />
      <item value="Process Builder" />
      <item value="The &quot;protoc&quot; library unconditionally writes to stdout. So, we replace stdout right before calling into the library in order to gather its output." />
      <item value="实现在Gui中操作时或未运行Test Plan时，能够轻松的使用用户变量" />
      <item value="可在Gui操作时或未运行Test Plan时，轻松解析用户变量" />
      <item value="is Running Version" />
      <item value="only Trailers" />
      <item value="any" />
      <item value="Check Return Value" />
      <item value="Defines the status of an operation by providing a standard {@link Code} in conjunction with an optional descriptive message. Instances of {@code Status} are created by starting with the template for the appropriate {@link Status.Code} and supplementing it with additional information: {@code Status.NOT_FOUND.withDescription(&quot;Could not find 'important_file.txt'&quot;);} &lt;p&gt;For clients, every remote call will return a status on completion. In the case of errors this status may be propagated to blocking stubs as a {@link RuntimeException} or to a listener as an explicit parameter. &lt;p&gt;Similarly servers can report a status by throwing {@link StatusRuntimeException} or by passing the status to a callback. &lt;p&gt;Utility functions are provided to convert a status to an exception and to extract them back out. @Immutable" />
    </histories>
    <option name="languageScores">
      <map>
        <entry key="CHINESE" value="9" />
        <entry key="ENGLISH" value="10" />
      </map>
    </option>
  </component>
  <component name="Cache">
    <option name="lastTrimTime" value="1646304824048" />
  </component>
  <component name="Settings">
    <option name="showActionsInContextMenuOnlyWithSelection" value="false" />
    <option name="translateDocumentation" value="true" />
  </component>
</application>